Workbook

Sheet INPUT
A1: Parâmetro | B1: Valor
A2: Valor inicial investido | B2: 2000
A3: Aporte mensal | B3: 500
A4: Rendimento mensal (%) | B4: 0.008
A5: Dividend Yield mensal (%) | B5: 0.007
A6: Período (meses) | B6: 60

Sheet SIMULAÇÃO
A1: Mês | B1: Aporte | C1: Saldo Anterior | D1: Rendimento | E1: Saldo Final
A2: =ROW()-1 -> 1 | B2: 0 | C2: 2000 | D2: =C2 * INPUT!B$4 -> 16 | E2: =C2 + B2 + D2 -> 2016
A3: =ROW()-1 -> 2 | B3: 500 | C3: =C2+B3 -> 2500 | D3: =C3 * INPUT!B$4 -> 20 | E3: =C3+D3 -> 2520
A4: =ROW()-1 -> 3 | B4: 500 | C4: =B4+E3 -> 3020 | D4: =C4 * INPUT!B$4 -> 24.16 | E4: =C4+D4 -> 3044.16
A5: =ROW()-1 -> 4 | B5: 500 | C5: =B5+E4 -> 3544.16 | D5: =C5 * INPUT!B$4 -> 28.35328 | E5: =C5+D5 -> 3572.5133
A6: =ROW()-1 -> 5 | B6: 500 | C6: =B6+E5 -> 4072.5133 | D6: =C6 * INPUT!B$4 -> 32.580106 | E6: =C6+D6 -> 4105.0934
A7: =ROW()-1 -> 6 | B7: 500 | C7: =B7+E6 -> 4605.0934 | D7: =C7 * INPUT!B$4 -> 36.840747 | E7: =C7+D7 -> 4641.9341
A8: =ROW()-1 -> 7 | B8: 500 | C8: =B8+E7 -> 5141.9341 | D8: =C8 * INPUT!B$4 -> 41.135473 | E8: =C8+D8 -> 5183.0696
A9: =ROW()-1 -> 8 | B9: 500 | C9: =B9+E8 -> 5683.0696 | D9: =C9 * INPUT!B$4 -> 45.464557 | E9: =C9+D9 -> 5728.5342
A10: =ROW()-1 -> 9 | B10: 500 | C10: =B10+E9 -> 6228.5342 | D10: =C10 * INPUT!B$4 -> 49.828273 | E10: =C10+D10 -> 6278.3624
A11: =ROW()-1 -> 10 | B11: 500 | C11: =B11+E10 -> 6778.3624 | D11: =C11 * INPUT!B$4 -> 54.226899 | E11: =C11+D11 -> 6832.5893
A12: =ROW()-1 -> 11 | B12: 500 | C12: =B12+E11 -> 7332.5893 | D12: =C12 * INPUT!B$4 -> 58.660715 | E12: =C12+D12 -> 7391.2501
A13: =ROW()-1 -> 12 | B13: 500 | C13: =B13+E12 -> 7891.2501 | D13: =C13 * INPUT!B$4 -> 63.13 | E13: =C13+D13 -> 7954.3801
A14: =ROW()-1 -> 13 | B14: 500 | C14: =B14+E13 -> 8454.3801 | D14: =C14 * INPUT!B$4 -> 67.63504 | E14: =C14+D14 -> 8522.0151
A15: =ROW()-1 -> 14 | B15: 500 | C15: =B15+E14 -> 9022.0151 | D15: =C15 * INPUT!B$4 -> 72.176121 | E15: =C15+D15 -> 9094.1912
... A61: =ROW()-1 -> 60 | B61: 500 | C61: =B61+E60 -> 40686.818 | D61: =C61 * INPUT!B$4 -> 325.49454 | E61: =C61+D61 -> 41012.312
